code,name
01326.HK,传递娱乐
01330.HK,绿色动力环保
01332.HK,透云生物
01333.HK,博雷顿
01334.HK,瑞昌国际控股
01335.HK,顺泰控股
01336.HK,新华保险
01338.HK,霸王集团
01339.HK,中国人民保险集团
01340.HK,惠生国际
01341.HK,昊天国际建投
01343.HK,伟源控股
01345.HK,上海先锋控股
01346.HK,利华控股集团
01347.HK,华虹半导体
01348.HK,滉达富控股
01349.HK,复旦张江
01351.HK,辉煌明天
01354.HK,经发物业
01355.HK,朸浚国际
01357.HK,美图公司
01358.HK,普华和顺
01359.HK,中国信达
01361.HK,361度
01362.HK,新龙移动
01364.HK,古茗
01368.HK,特步国际
01370.HK,奥威控股
01371.HK,中国生态旅游
01372.HK,中国碳中和
01373.HK,国际家居零售
01375.HK,中州证券
01376.HK,RAFFLESINTERIOR
01378.HK,中国宏桥
01379.HK,温岭工量刃具
01380.HK,中国金石
01382.HK,互太纺织
01384.HK,滴普科技
01385.HK,上海复旦
01388.HK,安莉芳控股
01389.HK,美捷汇控股
01393.HK,恒鼎实业
01395.HK,强泰环保
01396.HK,粤港湾控股
01397.HK,碧瑶绿色集团
01398.HK,工商银行
01399.HK,锐信控股
01400.HK,满地科技股份
01401.HK,未来机器有限公司
01402.HK,超智能控股
01405.HK,达势股份
01406.HK,清晰医疗
01407.HK,交运燃气
01408.HK,濠江机电
01410.HK,安领国际
01412.HK,隽思集团
01413.HK,铸帝控股
01415.HK,高伟电子
01416.HK,CTR HOLDINGS
01417.HK,浦江中国
01418.HK,盛诺集团
01419.HK,盈健医疗
01420.HK,川控股
01421.HK,恒昌集团国际
01425.HK,捷隆控股
01427.HK,中国天保集团
01428.HK,耀才证券金融
01429.HK,天任集团
01431.HK,原生态牧业
01432.HK,中国圣牧
01433.HK,常达控股
01440.HK,应星控股
01442.HK,鹰辉物流
01443.HK,富临集团控股
01446.HK,鸿福堂
01447.HK,新福港
01448.HK,福寿园
01449.HK,立德教育
01450.HK,交个朋友控股
01451.HK,万成集团股份
01452.HK,迪诺斯环保
01455.HK,科利实业控股
01456.HK,国联民生
01458.HK,周黑鸭
01459.HK,巨匠建设
01460.HK,扬科集团
01461.HK,中泰期货
01463.HK,C-LINK SQ
01466.HK,佰金生命科学
01468.HK,嘉高达资本
01470.HK,富一国际控股
01471.HK,众淼控股
01472.HK,生兴控股
01473.HK,环联连讯
01475.HK,日清食品
01476.HK,金融街证券
01477.HK,欧康维视生物-B
01478.HK,丘钛科技
01480.HK,恩达集团控股
01481.HK,竣球控股
01483.HK,网誉科技
01486.HK,思城控股
01488.HK,百福控股
01489.HK,GC CONSTRUCTION
01490.HK,车市科技
01495.HK,集一控股
01496.HK,亚积邦租赁
01497.HK,燕之屋
01498.HK,培力农本方
01499.HK,欧科云链
01500.HK,现恒建筑
01501.HK,瑛泰医疗
01502.HK,金融街物业
01508.HK,中国再保险
01513.HK,丽珠医药
01515.HK,华润医疗
01516.HK,融创服务
01518.HK,新世纪医疗
01519.HK,极兔速递-W
01520.HK,天机控股
01521.HK,方达控股
01522.HK,京投交通科技
01523.HK,珩湾科技
01525.HK,建桥教育
01526.HK,瑞慈医疗
01527.HK,天洁环境
01528.HK,红星美凯龙
01529.HK,乐氏国际控股
01530.HK,三生制药
01532.HK,中国派对文化
01536.HK,煜荣集团
01538.HK,中奥到家
01539.HK,知行集团控股
01540.HK,澳狮环球
01541.HK,宜明昂科-B
01542.HK,台州水务
01543.HK,中盈盛达融资担保
01545.HK,设计都会
01546.HK,德莱建业
01547.HK,IBI GROUP HLDGS
01548.HK,金斯瑞生物科技
01549.HK,永丰集团控股
01551.HK,广州农商银行
01552.HK,BHCC HOLDING
01553.HK,迈科管业
01555.HK,MI能源
01556.HK,建业建荣
01557.HK,剑虹集团控股
01559.HK,均安控股
01560.HK,星星集团
01561.HK,联洋智能控股
01563.HK,友联国际教育租赁
01565.HK,成实外教育
01566.HK,华夏文化科技
01568.HK,承达集团
01569.HK,民生教育
01570.HK,伟业控股
01571.HK,信邦控股
01572.HK,中国艺术金融
01575.HK,皇庭智家
01576.HK,齐鲁高速
01577.HK,汇鑫小贷
01578.HK,天津银行
01579.HK,颐海国际
01580.HK,大森控股
01581.HK,进升集团控股
01582.HK,华营建筑
01583.HK,亲亲食品
01585.HK,雅迪控股
01586.HK,力鸿检验
01587.HK,欣融国际
01588.HK,畅捷通
01591.HK,汛和集团
01592.HK,基石控股(新)
01593.HK,辰林教育
01596.HK,翼辰实业
01597.HK,纳泉能源科技
01598.HK,21世纪教育
01599.HK,城建设计
01600.HK,天伦燃气
01601.HK,中关村科技租赁
01606.HK,国银金租
01608.HK,伟能集团
01610.HK,中粮家佳康
01611.HK,新火科技控股
01612.HK,永胜医疗
01613.HK,协同通信
01615.HK,奥邦建筑
01616.HK,一元宇宙
01617.HK,南方通信
01618.HK,中国中冶
01620.HK,富盈环球集团
01621.HK,域高国际控股
01622.HK,力高集团
01623.HK,海隆控股
01626.HK,嘉耀控股
